{"stats":{"minecraft:broken":{"mowziesmobs:umvuthana_mask_fear":1,"minecraft:iron_sword":1,"minecraft:iron_pickaxe":2},"minecraft:custom":{"lootr:looted_stat":91,"minecraft:interact_with_crafting_table":59,"minecraft:open_barrel":4,"minecraft:leave_game":6,"minecraft:time_since_death":10935,"minecraft:damage_resisted":17,"minecraft:sprint_one_cm":648353,"minecraft:damage_blocked_by_shield":949,"vampirism:interact_with_totem":1,"minecraft:drop":119,"minecraft:talked_to_villager":6,"minecraft:play_time":275081,"minecraft:deaths":11,"minecraft:jump":4764,"minecraft:walk_on_water_one_cm":59957,"minecraft:interact_with_furnace":27,"vampirism:interact_with_research_table":4,"minecraft:sleep_in_bed":5,"minecraft:waystone_activated":4,"minecraft:damage_dealt":27369,"minecraft:crouch_one_cm":10359,"tombstone:undead_killed":39,"minecraft:interact_with_smoker":1,"minecraft:mob_kills":130,"minecraft:damage_dealt_resisted":1603,"minecraft:climb_one_cm":17076,"minecraft:walk_one_cm":621621,"vampirism:skills_unlocked":16,"minecraft:sneak_time":7811,"minecraft:walk_under_water_one_cm":52020,"minecraft:total_world_time":275081,"vampirism:blood_drunk":2000,"vampirism:interact_with_injection_chair":1,"tombstone:raider_killed":19,"minecraft:tune_noteblock":6,"minecraft:interact_with_grindstone":1,"minecraft:time_since_rest":9697,"minecraft:damage_taken":8584,"minecraft:damage_absorbed":40,"minecraft:swim_one_cm":215572,"minecraft:fly_one_cm":1564606,"minecraft:open_chest":84,"minecraft:fall_one_cm":133249},"minecraft:killed_by":{"alexsmobs:emu":1,"minecraft:vindicator":1,"man:managgresive":1,"iceandfire:fire_dragon":3,"minecraft:husk":2,"minecraft:skeleton":1,"iceandfire:lightning_dragon":2},"minecraft:crafted":{"minecraft:oak_planks":32,"vampirism:injection_garlic":2,"minecraft:glass":25,"minecraft:iron_boots":1,"minecraft:chest":1,"vampirism:stake":1,"minecraft:cooked_porkchop":19,"minecraft:crafting_table":4,"minecraft:spruce_planks":72,"minecraft:wooden_pickaxe":1,"travelersbackpack:standard":1,"minecraft:iron_chestplate":1,"minecraft:shield":1,"minecraft:stick":28,"quark:oak_chest":1,"minecraft:iron_ingot":5,"minecraft:iron_pickaxe":3,"minecraft:stone_sword":1,"minecraft:gold_ingot":4,"minecraft:furnace":2,"minecraft:glass_pane":16,"vampirism:injection_empty":2,"minecraft:spruce_stairs":30,"minecraft:iron_axe":2,"minecraft:stone_pickaxe":1,"quark:spruce_chest":1,"minecraft:cooked_beef":10,"travelersbackpack:backpack_tank":2,"minecraft:iron_sword":2,"travelersbackpack:black_sleeping_bag":1,"minecraft:stone_axe":1,"minecraft:bread":2,"minecraft:air":0,"minecraft:jungle_planks":24,"minecraft:white_wool":1,"minecraft:golden_apple":1,"minecraft:torch":56},"minecraft:dropped":{"minecraft:iron_sword":1,"vampirism:stake":1,"minecraft:crafting_table":1,"alexsmobs:kangaroo_meat":1,"minecraft:cooked_porkchop":2,"mowziesmobs:umvuthana_mask_faith":1,"minecraft:lantern":1,"vampirism:item_tent":1,"minecraft:red_bed":1,"minecraft:mutton":1,"iceandfire:armor_copper_metal_boots":2,"minecraft:gold_nugget":1,"minecraft:acacia_fence_gate":1,"minecraft:sand":4,"minecraft:iron_pickaxe":1,"minecraft:bone":3,"minecraft:stone_axe":1,"minecraft:iron_nugget":3,"minecraft:rotten_flesh":9,"minecraft:oak_planks":1,"minecraft:leather_leggings":1,"minecraft:cyan_concrete":2,"minecraft:arrow":4,"iceandfire:armor_copper_metal_leggings":1,"minecraft:acacia_fence":10,"minecraft:egg":1,"minecraft:iron_ingot":32,"minecraft:stripped_mangrove_log":1,"minecraft:stripped_spruce_log":4,"minecraft:wheat_seeds":8,"minecraft:feather":13,"minecraft:cobblestone":2,"minecraft:knowledge_book":15,"minecraft:spruce_stairs":4,"minecraft:stick":22,"minecraft:cobweb":3,"minecraft:gray_wool":1,"relics:roller_skates":1,"minecraft:ink_sac":3,"iceandfire:copper_nugget":14,"tombstone:grave_key":1,"tombstone:grave_dust":4,"minecraft:string":6,"minecraft:spruce_sapling":3,"vampirism:injection_garlic":1,"minecraft:moss_carpet":4,"minecraft:stone_sword":2,"minecraft:cobblestone_wall":1,"minecraft:raw_iron":1,"minecraft:tall_grass":1,"minecraft:iron_boots":1,"iceandfire:armor_copper_metal_helmet":1,"minecraft:peony":1,"minecraft:iron_chestplate":1,"minecraft:spider_eye":2,"minecraft:spruce_log":74,"minecraft:stripped_acacia_log":1,"minecraft:red_sand":1,"minecraft:bow":3,"minecraft:stone_pickaxe":1,"minecraft:wooden_pickaxe":1,"minecraft:raw_gold":1,"minecraft:black_wool":1},"minecraft:used":{"alexsmobs:emu_egg":4,"minecraft:moss_block":1,"minecraft:red_sand":1,"mowziesmobs:umvuthana_mask_fear":2,"minecraft:chest":1,"minecraft:shield":103,"minecraft:white_terracotta":1,"minecraft:iron_sword":272,"vampirism:hunter_axe_enhanced":5,"minecraft:rotten_flesh":4,"mowziesmobs:umvuthana_mask_bliss":5,"minecraft:jungle_planks":13,"vampirism:item_tent":1,"iceandfire:crackled_gravel":2,"mowziesmobs:umvuthana_mask_rage":5,"minecraft:bow":1,"supplementaries:ash":1,"minecraft:furnace":7,"minecraft:stone_pickaxe":72,"minecraft:oak_planks":5,"minecraft:wooden_pickaxe":5,"vampirism:human_heart":1,"minecraft:blue_bed":1,"minecraft:golden_apple":1,"minecraft:sand":1,"minecraft:yellow_terracotta":4,"minecraft:light_gray_terracotta":1,"quark:hollow_acacia_log":2,"iceandfire:dragonbone_sword_lightning":8,"vampirism:stake":1,"waystones:waystone":2,"minecraft:bread":12,"quark:jasper":1,"vampirism:garlic_bread":4,"vampirism:obi_belt":1,"minecraft:coarse_dirt":1,"minecraft:experience_bottle":6,"minecraft:cobweb":4,"waystones:sandy_waystone":1,"minecraft:stone_sword":100,"mowziesmobs:umvuthana_mask_misery":1,"minecraft:torch":22,"minecraft:spyglass":30,"minecraft:spruce_stairs":36,"minecraft:cobblestone_wall":1,"minecraft:brown_terracotta":3,"quark:spruce_chest":1,"minecraft:iron_axe":121,"minecraft:smooth_sandstone":11,"tombstone:gift":5,"supplementaries:statue":1,"minecraft:cooked_beef":23,"minecraft:orange_terracotta":2,"minecraft:iron_leggings":2,"minecraft:knowledge_book":64,"minecraft:cooked_mutton":4,"vampirism:armor_of_swiftness_legs_ultimate":2,"minecraft:terracotta":4,"minecraft:crafting_table":9,"minecraft:red_bed":3,"minecraft:spruce_log":2,"iceandfire:dragonbone_sword_fire":36,"minecraft:iron_pickaxe":728,"minecraft:spruce_sapling":4,"mowziesmobs:sol_visage":3,"minecraft:stone_axe":16,"minecraft:cobblestone":129,"travelersbackpack:standard":3,"minecraft:cooked_porkchop":24,"vampirism:hunter_coat_chest_ultimate":1},"minecraft:killed":{"vampirism:vampire":1,"minecraft:cave_spider":1,"mowziesmobs:umvuthi":1,"minecraft:spider":6,"minecraft:skeleton":9,"mowziesmobs:umvuthana_crane_player":1,"mowziesmobs:umvuthana_crane":4,"alexsmobs:kangaroo":2,"minecraft:pig":12,"minecraft:zombie_villager":1,"vampirism:hunter":4,"minecraft:sheep":3,"minecraft:pillager":7,"minecraft:zombie":25,"alexsmobs:fly":1,"iceandfire:lightning_dragon":1,"minecraft:cow":6,"minecraft:vindicator":1,"minecraft:drowned":1,"mowziesmobs:umvuthana":23,"minecraft:husk":3,"minecraft:hoglin":2,"alexsmobs:emu":3,"alexsmobs:catfish":1,"alexsmobs:gazelle":5},"minecraft:mined":{"minecraft:red_sand":19,"minecraft:acacia_log":1,"minecraft:grass_block":1,"minecraft:jungle_log":6,"minecraft:spawner":8,"minecraft:iron_ore":1,"vampirism:tent":1,"minecraft:azalea_leaves":1,"minecraft:red_bed":3,"minecraft:orange_terracotta":2,"minecraft:torch":11,"minecraft:light_gray_terracotta":1,"minecraft:dead_bush":13,"minecraft:cobblestone":47,"minecraft:sugar_cane":5,"minecraft:wall_torch":5,"minecraft:white_terracotta":1,"minecraft:grass":113,"minecraft:oak_log":6,"minecraft:acacia_fence":6,"minecraft:sand":10,"minecraft:cut_red_sandstone":1,"minecraft:oak_leaves":3,"minecraft:yellow_terracotta":4,"minecraft:stripped_mangrove_log":1,"biomesoplenty:bush":3,"minecraft:spruce_leaves":1,"minecraft:moss_block":1,"quark:jasper":1,"minecraft:furnace":5,"minecraft:red_sandstone":1,"minecraft:stripped_spruce_log":3,"minecraft:peony":1,"minecraft:bookshelf":1,"minecraft:cyan_concrete":2,"minecraft:vine":1,"minecraft:stone":660,"quark:hollow_acacia_log":2,"supplementaries:statue":1,"vampirism:tent_main":1,"minecraft:crafting_table":5,"minecraft:tall_grass":2,"minecraft:spruce_stairs":6,"minecraft:coarse_dirt":2,"minecraft:cobblestone_wall":1,"minecraft:acacia_fence_gate":1,"minecraft:spruce_log":94,"minecraft:birch_leaves":2,"unusualprehistory:tar":8,"minecraft:black_wool":3,"minecraft:coal_ore":32,"minecraft:cobweb":7,"minecraft:brown_terracotta":3,"minecraft:terracotta":20,"minecraft:stone_bricks":1,"minecraft:fern":1},"minecraft:picked_up":{"minecraft:iron_chestplate":1,"minecraft:knowledge_book":3,"alexsmobs:gazelle_horn":2,"minecraft:string":15,"minecraft:experience_bottle":1,"minecraft:oak_sign":2,"minecraft:red_sand":19,"vampirism:garlic_bread":3,"minecraft:acacia_fence_gate":1,"minecraft:iron_pickaxe":1,"minecraft:iron_boots":1,"minecraft:furnace":5,"minecraft:stick":24,"minecraft:acacia_fence":10,"mowziesmobs:sol_visage":1,"minecraft:brown_terracotta":3,"minecraft:torch":17,"minecraft:spruce_stairs":8,"minecraft:porkchop":38,"iceandfire:crackled_gravel":2,"tombstone:grave_dust":15,"minecraft:stone_sword":1,"minecraft:rotten_flesh":23,"alexsmobs:emu_egg":4,"minecraft:white_terracotta":1,"supplementaries:ash":3,"minecraft:cobblestone":694,"minecraft:feather":31,"minecraft:jungle_log":6,"quark:hollow_acacia_log":2,"vampirism:stake":3,"minecraft:lantern":1,"minecraft:bone":7,"supplementaries:cartographers_quill":1,"minecraft:bow":4,"minecraft:wheat_seeds":14,"minecraft:moss_block":1,"minecraft:cyan_concrete":2,"inventorypets:pet_pig":1,"minecraft:oak_planks":1,"minecraft:cooked_porkchop":13,"minecraft:sand":26,"minecraft:stripped_spruce_log":5,"vampirism:hunter_coat_chest_ultimate":1,"minecraft:ink_sac":3,"quark:jasper":1,"minecraft:light_gray_terracotta":1,"minecraft:diamond":2,"waystones:waystone":1,"minecraft:crossbow":1,"minecraft:emerald":1,"minecraft:bread":15,"alexsmobs:maggot":1,"minecraft:oak_leaves":1,"minecraft:crafting_table":6,"minecraft:coarse_dirt":2,"minecraft:leather_leggings":1,"minecraft:stripped_mangrove_log":1,"minecraft:red_bed":4,"minecraft:moss_carpet":4,"supplementaries:statue":1,"minecraft:beef":11,"minecraft:iron_nugget":4,"minecraft:sugar_cane":13,"minecraft:chest":1,"minecraft:birch_sapling":2,"minecraft:egg":1,"minecraft:raw_iron":1,"minecraft:oak_door":1,"mowziesmobs:umvuthana_mask_faith":5,"minecraft:arrow":12,"minecraft:pumpkin_pie":6,"minecraft:peony":1,"mowziesmobs:umvuthana_mask_bliss":1,"minecraft:yellow_terracotta":4,"minecraft:mutton":7,"alexsmobs:kangaroo_meat":1,"minecraft:white_wool":2,"vampirism:item_tent":2,"minecraft:leather":7,"minecraft:acacia_wood":1,"minecraft:filled_map":1,"minecraft:oak_log":8,"minecraft:cobblestone_wall":2,"minecraft:blue_bed":1,"minecraft:orange_terracotta":2,"vampirism:human_heart":2,"mowziesmobs:umvuthana_mask_rage":3,"minecraft:iron_ingot":13,"minecraft:cobweb":3,"mowziesmobs:umvuthana_mask_misery":1,"minecraft:iron_sword":1,"minecraft:book":3,"iceandfire:copper_nugget":128,"minecraft:spruce_sapling":8,"minecraft:spruce_log":158,"minecraft:spider_eye":2,"minecraft:gray_wool":1,"mowziesmobs:umvuthana_mask_fear":3,"minecraft:terracotta":20,"tombstone:magic_scroll":1,"minecraft:black_wool":3,"minecraft:coal":58}},"DataVersion":3465}