{"stats":{"minecraft:used":{"simplyswords:brimstone_claymore":3,"simplyswords:soulrender":2,"simplyswords:tempest":3},"minecraft:custom":{"minecraft:time_since_rest":7758,"minecraft:crouch_one_cm":204,"minecraft:play_time":7758,"minecraft:sprint_one_cm":5583,"minecraft:walk_one_cm":6801,"minecraft:sneak_time":394,"minecraft:walk_under_water_one_cm":5291,"minecraft:mob_kills":10,"minecraft:jump":34,"minecraft:damage_dealt":580,"minecraft:leave_game":1,"minecraft:time_since_death":7758,"minecraft:walk_on_water_one_cm":495,"minecraft:total_world_time":7758,"minecraft:swim_one_cm":18096,"minecraft:fall_one_cm":209,"minecraft:fly_one_cm":266198},"minecraft:killed":{"minecraft:squid":4,"minecraft:cow":3,"minecraft:salmon":3},"minecraft:picked_up":{"minecraft:salmon":1,"minecraft:beef":8,"minecraft:ink_sac":4}},"DataVersion":3465}