{"stats":{"minecraft:dropped":{"tombstone:grave_key":1,"tombstone:grave_dust":1},"minecraft:picked_up":{"minecraft:tipped_arrow":8,"tombstone:grave_key":1,"tombstone:grave_dust":1,"minecraft:spruce_log":4,"minecraft:dirt":1,"tombstone:tablet_of_cupidity":1,"minecraft:arrow":2,"minecraft:lever":1,"minecraft:emerald":1,"minecraft:stripped_dark_oak_log":1,"minecraft:oak_planks":1,"minecraft:iron_boots":1},"minecraft:used":{"minecraft:knowledge_book":22,"minecraft:apple":2,"minecraft:bread":2,"minecraft:iron_pickaxe":1,"minecraft:oak_planks":1,"minecraft:iron_sword":11,"minecraft:dirt":1,"minecraft:crafting_table":2,"tombstone:gift":1,"alexsmobs:animal_dictionary":3},"minecraft:crafted":{"minecraft:iron_boots":1,"minecraft:iron_chestplate":1,"minecraft:iron_axe":1,"minecraft:crafting_table":2,"minecraft:spruce_planks":16,"minecraft:iron_pickaxe":1,"minecraft:iron_sword":1,"minecraft:iron_leggings":1},"minecraft:custom":{"minecraft:time_since_rest":635,"lootr:looted_stat":10,"minecraft:sprint_one_cm":32576,"minecraft:damage_taken":1833,"minecraft:walk_one_cm":34654,"minecraft:mob_kills":2,"minecraft:drop":2,"tombstone:raider_killed":1,"minecraft:damage_dealt":410,"minecraft:interact_with_crafting_table":7,"minecraft:fly_one_cm":47315,"minecraft:crouch_one_cm":1516,"minecraft:play_time":17933,"tombstone:undead_killed":1,"minecraft:deaths":6,"minecraft:sneak_time":671,"minecraft:jump":291,"minecraft:leave_game":1,"minecraft:time_since_death":3034,"minecraft:total_world_time":17933,"minecraft:damage_resisted":66,"minecraft:fall_one_cm":8402},"minecraft:killed":{"minecraft:pillager":1,"minecraft:zombie":1},"minecraft:mined":{"minecraft:stripped_dark_oak_log":1,"minecraft:spruce_log":4,"minecraft:lever":1,"gravestone:gravestone":4,"minecraft:grass":1,"minecraft:grass_block":1,"minecraft:oak_planks":1,"minecraft:spawner":1},"minecraft:killed_by":{"minecraft:vindicator":1,"vampirism:advanced_hunter":1,"minecraft:skeleton":2,"minecraft:pillager":2}},"DataVersion":3465}