{"stats":{"minecraft:picked_up":{"biomesoplenty:toadstool":1,"minecraft:coarse_dirt":1,"minecraft:oak_fence":1,"minecraft:hay_block":10,"minecraft:oak_pressure_plate":1,"minecraft:gravel":3,"minecraft:oak_stairs":2,"minecraft:oak_planks":5},"minecraft:used":{"minecraft:oak_fence":1,"minecraft:oak_stairs":1,"minecraft:oak_planks":5,"minecraft:coarse_dirt":1,"minecraft:gravel":1},"minecraft:custom":{"minecraft:time_since_rest":4783,"minecraft:crouch_one_cm":1073,"minecraft:play_time":15268,"lootr:looted_stat":2,"minecraft:sprint_one_cm":56202,"minecraft:deaths":2,"minecraft:damage_taken":603,"minecraft:walk_one_cm":36697,"minecraft:sneak_time":234,"minecraft:walk_under_water_one_cm":234,"minecraft:jump":233,"minecraft:damage_dealt":6,"minecraft:walk_on_water_one_cm":2731,"minecraft:time_since_death":5841,"minecraft:total_world_time":15268,"minecraft:swim_one_cm":6870,"minecraft:fall_one_cm":4459,"minecraft:fly_one_cm":58247},"minecraft:mined":{"minecraft:hay_block":10,"minecraft:grass":1,"minecraft:coarse_dirt":1,"minecraft:oak_stairs":2,"minecraft:gravel":3,"minecraft:oak_pressure_plate":1,"minecraft:spruce_leaves":3,"minecraft:oak_planks":5,"vampirism:tent":1,"minecraft:oak_fence":1}},"DataVersion":3465}