{"stats":{"minecraft:picked_up":{"minecraft:coarse_dirt":2,"minecraft:crafting_table":2,"vampirism:injection_garlic":1,"relics:roller_skates":1,"minecraft:feather":4,"minecraft:jungle_wood":7,"minecraft:gold_block":1,"minecraft:knowledge_book":6,"minecraft:yellow_bed":1,"minecraft:string":2,"minecraft:dirt":5,"minecraft:bone":1,"mowziesmobs:umvuthana_mask_rage":1,"minecraft:wheat_seeds":1,"minecraft:iron_ingot":32,"mowziesmobs:umvuthana_mask_misery":1,"minecraft:iron_sword":1,"minecraft:iron_boots":1,"minecraft:egg":3,"mowziesmobs:sol_visage":1,"minecraft:torch":1,"minecraft:sand":3,"minecraft:spruce_sapling":2,"minecraft:spruce_log":12,"minecraft:spider_eye":1,"mowziesmobs:umvuthana_mask_faith":2,"alexsmobs:kangaroo_hide":3,"minecraft:arrow":1,"minecraft:rotten_flesh":3,"minecraft:hay_block":21,"minecraft:yellow_terracotta":1,"alexsmobs:emu_egg":1,"supplementaries:ash":1,"minecraft:acacia_slab":1,"minecraft:iron_bars":1,"minecraft:coal":6,"alexsmobs:kangaroo_meat":4,"minecraft:cobblestone":31},"minecraft:mined":{"minecraft:yellow_terracotta":1,"minecraft:crafting_table":2,"minecraft:grass_block":1,"minecraft:dead_bush":1,"minecraft:tall_grass":1,"minecraft:cobblestone":7,"minecraft:spruce_leaves":1,"minecraft:acacia_slab":1,"minecraft:wall_torch":1,"minecraft:spawner":1,"minecraft:hay_block":22,"minecraft:coarse_dirt":2,"minecraft:jungle_wood":7,"minecraft:fire":3,"minecraft:wheat":1,"minecraft:spruce_log":2,"minecraft:gold_block":1,"minecraft:yellow_bed":1,"minecraft:grass":4,"minecraft:coal_ore":6,"minecraft:vine":1,"minecraft:iron_bars":1,"minecraft:sand":3,"minecraft:dirt":4,"minecraft:stone":25},"minecraft:custom":{"minecraft:interact_with_smithing_table":1,"lootr:looted_stat":13,"minecraft:mob_kills":9,"minecraft:interact_with_crafting_table":14,"vampirism:interact_with_garlic_diffuser":1,"minecraft:damage_dealt_resisted":20,"minecraft:leave_game":2,"minecraft:time_since_death":4193,"minecraft:sleep_in_bed":3,"minecraft:climb_one_cm":2502,"minecraft:time_since_rest":3726,"minecraft:waystone_activated":2,"minecraft:sprint_one_cm":230333,"minecraft:damage_taken":2476,"minecraft:walk_one_cm":268073,"minecraft:damage_blocked_by_shield":285,"minecraft:drop":4,"vampirism:skills_unlocked":12,"minecraft:damage_dealt":1764,"minecraft:talked_to_villager":1,"minecraft:swim_one_cm":28262,"minecraft:fly_one_cm":219594,"minecraft:open_chest":11,"minecraft:crouch_one_cm":132,"tombstone:undead_killed":1,"minecraft:play_time":61016,"minecraft:deaths":5,"minecraft:sneak_time":64,"minecraft:walk_under_water_one_cm":11279,"minecraft:jump":1153,"minecraft:walk_on_water_one_cm":16013,"minecraft:total_world_time":61016,"vampirism:interact_with_injection_chair":1,"minecraft:fall_one_cm":29910},"minecraft:killed":{"mowziesmobs:umvuthi":1,"minecraft:spider":1,"minecraft:skeleton":1,"mowziesmobs:umvuthana_crane_player":1,"alexsmobs:kangaroo":3,"mowziesmobs:umvuthana":2},"minecraft:used":{"alexsmobs:emu_egg":1,"minecraft:knowledge_book":4,"minecraft:stone_pickaxe":30,"quark:jungle_chest":1,"minecraft:wooden_pickaxe":18,"minecraft:shield":5,"minecraft:iron_sword":29,"minecraft:dirt":4,"minecraft:crafting_table":2,"quark:spruce_chest":4,"minecraft:iron_axe":2,"minecraft:bread":24,"minecraft:iron_pickaxe":12,"mowziesmobs:sol_visage":1,"minecraft:cobblestone":2,"tombstone:gift":1,"minecraft:yellow_bed":1,"minecraft:coarse_dirt":2},"minecraft:killed_by":{"iceandfire:lightning_dragon":2,"mowziesmobs:umvuthana_follower_raptor":1,"mowziesmobs:umvuthi":1},"minecraft:crafted":{"minecraft:crafting_table":2,"minecraft:spruce_planks":12,"minecraft:wooden_pickaxe":1,"quark:jungle_chest":1,"minecraft:iron_sword":1,"minecraft:bread":63,"minecraft:jungle_planks":28,"minecraft:shield":1,"minecraft:iron_axe":1,"minecraft:stick":20,"minecraft:iron_pickaxe":1,"minecraft:stone_pickaxe":1,"quark:spruce_chest":4,"minecraft:wheat":181},"minecraft:dropped":{"minecraft:filled_map":1,"minecraft:sand":3}},"DataVersion":3465}